Copyright 1986-2020 Xilinx, Inc. All Rights Reserved.
-----------------------------------------------------------------------------------------------------------------------------------------------------------------------------------------------------------------
| Tool Version : Vivado v.2020.1 (win64) Build 2902540 Wed May 27 19:54:49 MDT 2020
| Date         : Tue Sep 29 23:07:52 2026
| Host         : Abbas-Lappy running 64-bit major release  (build 9200)
| Command      : report_timing_summary -max_paths 10 -file top_fsm_system_timing_summary_routed.rpt -pb top_fsm_system_timing_summary_routed.pb -rpx top_fsm_system_timing_summary_routed.rpx -warn_on_violation
| Design       : top_fsm_system
| Device       : 7a35t-cpg236
| Speed File   : -1  PRODUCTION 1.23 2018-06-13
-----------------------------------------------------------------------------------------------------------------------------------------------------------------------------------------------------------------

Timing Summary Report

------------------------------------------------------------------------------------------------
| Timer Settings
| --------------
------------------------------------------------------------------------------------------------

  Enable Multi Corner Analysis               :  Yes
  Enable Pessimism Removal                   :  Yes
  Pessimism Removal Resolution               :  Nearest Common Node
  Enable Input Delay Default Clock           :  No
  Enable Preset / Clear Arcs                 :  No
  Disable Flight Delays                      :  No
  Ignore I/O Paths                           :  No
  Timing Early Launch at Borrowing Latches   :  No
  Borrow Time for Max Delay Exceptions       :  Yes
  Merge Timing Exceptions                    :  Yes

  Corner  Analyze    Analyze    
  Name    Max Paths  Min Paths  
  ------  ---------  ---------  
  Slow    Yes        Yes        
  Fast    Yes        Yes        



check_timing report

Table of Contents
-----------------
1. checking no_clock (33)
2. checking constant_clock (0)
3. checking pulse_width_clock (0)
4. checking unconstrained_internal_endpoints (66)
5. checking no_input_delay (17)
6. checking no_output_delay (16)
7. checking multiple_clock (0)
8. checking generated_clocks (0)
9. checking loops (0)
10. checking partial_input_delay (0)
11. checking partial_output_delay (0)
12. checking latch_loops (0)

1. checking no_clock (33)
-------------------------
 There are 33 register/latch pins with no clock driven by root clock pin: ticker/clk_out_reg/Q (HIGH)


2. checking constant_clock (0)
------------------------------
 There are 0 register/latch pins with constant_clock.


3. checking pulse_width_clock (0)
---------------------------------
 There are 0 register/latch pins which need pulse_width check


4. checking unconstrained_internal_endpoints (66)
-------------------------------------------------
 There are 66 pins that are not constrained for maximum delay. (HIGH)

 There are 0 pins that are not constrained for maximum delay due to constant clock.


5. checking no_input_delay (17)
-------------------------------
 There are 17 input ports with no input delay specified. (HIGH)

 There are 0 input ports with no input delay but user has a false path constraint.


6. checking no_output_delay (16)
--------------------------------
 There are 16 ports with no output delay specified. (HIGH)

 There are 0 ports with no output delay but user has a false path constraint

 There are 0 ports with no output delay but with a timing clock defined on it or propagating through it


7. checking multiple_clock (0)
------------------------------
 There are 0 register/latch pins with multiple clocks.


8. checking generated_clocks (0)
--------------------------------
 There are 0 generated clocks that are not connected to a clock source.


9. checking loops (0)
---------------------
 There are 0 combinational loops in the design.


10. checking partial_input_delay (0)
------------------------------------
 There are 0 input ports with partial input delay specified.


11. checking partial_output_delay (0)
-------------------------------------
 There are 0 ports with partial output delay specified.


12. checking latch_loops (0)
----------------------------
 There are 0 combinational latch loops in the design through latch input



------------------------------------------------------------------------------------------------
| Design Timing Summary
| ---------------------
------------------------------------------------------------------------------------------------

    WNS(ns)      TNS(ns)  TNS Failing Endpoints  TNS Total Endpoints      WHS(ns)      THS(ns)  THS Failing Endpoints  THS Total Endpoints     WPWS(ns)     TPWS(ns)  TPWS Failing Endpoints  TPWS Total Endpoints  
    -------      -------  ---------------------  -------------------      -------      -------  ---------------------  -------------------     --------     --------  ----------------------  --------------------  
      5.956        0.000                      0                   27        0.338        0.000                      0                   27        4.500        0.000                       0                    44  


All user specified timing constraints are met.


------------------------------------------------------------------------------------------------
| Clock Summary
| -------------
------------------------------------------------------------------------------------------------

Clock        Waveform(ns)       Period(ns)      Frequency(MHz)
-----        ------------       ----------      --------------
sys_clk_pin  {0.000 5.000}      10.000          100.000         


------------------------------------------------------------------------------------------------
| Intra Clock Table
| -----------------
------------------------------------------------------------------------------------------------

Clock             WNS(ns)      TNS(ns)  TNS Failing Endpoints  TNS Total Endpoints      WHS(ns)      THS(ns)  THS Failing Endpoints  THS Total Endpoints     WPWS(ns)     TPWS(ns)  TPWS Failing Endpoints  TPWS Total Endpoints  
-----             -------      -------  ---------------------  -------------------      -------      -------  ---------------------  -------------------     --------     --------  ----------------------  --------------------  
sys_clk_pin         5.956        0.000                      0                   27        0.338        0.000                      0                   27        4.500        0.000                       0                    44  


------------------------------------------------------------------------------------------------
| Inter Clock Table
| -----------------
------------------------------------------------------------------------------------------------

From Clock    To Clock          WNS(ns)      TNS(ns)  TNS Failing Endpoints  TNS Total Endpoints      WHS(ns)      THS(ns)  THS Failing Endpoints  THS Total Endpoints  
----------    --------          -------      -------  ---------------------  -------------------      -------      -------  ---------------------  -------------------  


------------------------------------------------------------------------------------------------
| Other Path Groups Table
| -----------------------
------------------------------------------------------------------------------------------------

Path Group    From Clock    To Clock          WNS(ns)      TNS(ns)  TNS Failing Endpoints  TNS Total Endpoints      WHS(ns)      THS(ns)  THS Failing Endpoints  THS Total Endpoints  
----------    ----------    --------          -------      -------  ---------------------  -------------------      -------      -------  ---------------------  -------------------  


------------------------------------------------------------------------------------------------
| Timing Details
| --------------
------------------------------------------------------------------------------------------------


---------------------------------------------------------------------------------------------------
From Clock:  sys_clk_pin
  To Clock:  sys_clk_pin

Setup :            0  Failing Endpoints,  Worst Slack        5.956ns,  Total Violation        0.000ns
Hold  :            0  Failing Endpoints,  Worst Slack        0.338ns,  Total Violation        0.000ns
PW    :            0  Failing Endpoints,  Worst Slack        4.500ns,  Total Violation        0.000ns
---------------------------------------------------------------------------------------------------


Max Delay Paths
--------------------------------------------------------------------------------------
Slack (MET) :             5.956ns  (required time - arrival time)
  Source:                 ticker/count_reg[10]/C
                            (rising edge-triggered cell FDRE clocked by sys_clk_pin  {rise@0.000ns fall@5.000ns period=10.000ns})
  Destination:            ticker/count_reg[19]/D
                            (rising edge-triggered cell FDRE clocked by sys_clk_pin  {rise@0.000ns fall@5.000ns period=10.000ns})
  Path Group:             sys_clk_pin
  Path Type:              Setup (Max at Slow Process Corner)
  Requirement:            10.000ns  (sys_clk_pin rise@10.000ns - sys_clk_pin rise@0.000ns)
  Data Path Delay:        3.908ns  (logic 0.828ns (21.185%)  route 3.080ns (78.815%))
  Logic Levels:           3  (LUT2=1 LUT4=1 LUT6=1)
  Clock Path Skew:        -0.131ns (DCD - SCD + CPR)
    Destination Clock Delay (DCD):    4.777ns = ( 14.777 - 10.000 ) 
    Source Clock Delay      (SCD):    5.087ns
    Clock Pessimism Removal (CPR):    0.180ns
  Clock Uncertainty:      0.035ns  ((TSJ^2 + TIJ^2)^1/2 + DJ) / 2 + PE
    Total System Jitter     (TSJ):    0.071ns
    Total Input Jitter      (TIJ):    0.000ns
    Discrete Jitter          (DJ):    0.000ns
    Phase Error              (PE):    0.000ns

    Location             Delay type                Incr(ns)  Path(ns)    Netlist Resource(s)
  -------------------------------------------------------------------    -------------------
                         (clock sys_clk_pin rise edge)
                                                      0.000     0.000 r  
    W5                                                0.000     0.000 r  clk (IN)
                         net (fo=0)                   0.000     0.000    clk
    W5                   IBUF (Prop_ibuf_I_O)         1.458     1.458 r  clk_IBUF_inst/O
                         net (fo=1, routed)           1.967     3.425    clk_IBUF
    BUFGCTRL_X0Y0        BUFG (Prop_bufg_I_O)         0.096     3.521 r  clk_IBUF_BUFG_inst/O
                         net (fo=43, routed)          1.566     5.087    ticker/clk_IBUF_BUFG
    SLICE_X37Y48         FDRE                                         r  ticker/count_reg[10]/C
  -------------------------------------------------------------------    -------------------
    SLICE_X37Y48         FDRE (Prop_fdre_C_Q)         0.456     5.543 r  ticker/count_reg[10]/Q
                         net (fo=2, routed)           0.859     6.402    ticker/count[10]
    SLICE_X37Y48         LUT4 (Prop_lut4_I1_O)        0.124     6.526 r  ticker/count[25]_i_6/O
                         net (fo=1, routed)           0.966     7.492    ticker/count[25]_i_6_n_0
    SLICE_X37Y48         LUT6 (Prop_lut6_I3_O)        0.124     7.616 r  ticker/count[25]_i_2/O
                         net (fo=26, routed)          1.255     8.872    ticker/count[25]_i_2_n_0
    SLICE_X37Y50         LUT2 (Prop_lut2_I0_O)        0.124     8.996 r  ticker/count[19]_i_1/O
                         net (fo=1, routed)           0.000     8.996    ticker/count_0[19]
    SLICE_X37Y50         FDRE                                         r  ticker/count_reg[19]/D
  -------------------------------------------------------------------    -------------------

                         (clock sys_clk_pin rise edge)
                                                     10.000    10.000 r  
    W5                                                0.000    10.000 r  clk (IN)
                         net (fo=0)                   0.000    10.000    clk
    W5                   IBUF (Prop_ibuf_I_O)         1.388    11.388 r  clk_IBUF_inst/O
                         net (fo=1, routed)           1.862    13.250    clk_IBUF
    BUFGCTRL_X0Y0        BUFG (Prop_bufg_I_O)         0.091    13.341 r  clk_IBUF_BUFG_inst/O
                         net (fo=43, routed)          1.436    14.777    ticker/clk_IBUF_BUFG
    SLICE_X37Y50         FDRE                                         r  ticker/count_reg[19]/C
                         clock pessimism              0.180    14.957    
                         clock uncertainty           -0.035    14.921    
    SLICE_X37Y50         FDRE (Setup_fdre_C_D)        0.031    14.952    ticker/count_reg[19]
  -------------------------------------------------------------------
                         required time                         14.952    
                         arrival time                          -8.996    
  -------------------------------------------------------------------
                         slack                                  5.956    

Slack (MET) :             5.972ns  (required time - arrival time)
  Source:                 ticker/count_reg[10]/C
                            (rising edge-triggered cell FDRE clocked by sys_clk_pin  {rise@0.000ns fall@5.000ns period=10.000ns})
  Destination:            ticker/count_reg[20]/D
                            (rising edge-triggered cell FDRE clocked by sys_clk_pin  {rise@0.000ns fall@5.000ns period=10.000ns})
  Path Group:             sys_clk_pin
  Path Type:              Setup (Max at Slow Process Corner)
  Requirement:            10.000ns  (sys_clk_pin rise@10.000ns - sys_clk_pin rise@0.000ns)
  Data Path Delay:        3.936ns  (logic 0.856ns (21.745%)  route 3.080ns (78.254%))
  Logic Levels:           3  (LUT2=1 LUT4=1 LUT6=1)
  Clock Path Skew:        -0.131ns (DCD - SCD + CPR)
    Destination Clock Delay (DCD):    4.777ns = ( 14.777 - 10.000 ) 
    Source Clock Delay      (SCD):    5.087ns
    Clock Pessimism Removal (CPR):    0.180ns
  Clock Uncertainty:      0.035ns  ((TSJ^2 + TIJ^2)^1/2 + DJ) / 2 + PE
    Total System Jitter     (TSJ):    0.071ns
    Total Input Jitter      (TIJ):    0.000ns
    Discrete Jitter          (DJ):    0.000ns
    Phase Error              (PE):    0.000ns

    Location             Delay type                Incr(ns)  Path(ns)    Netlist Resource(s)
  -------------------------------------------------------------------    -------------------
                         (clock sys_clk_pin rise edge)
                                                      0.000     0.000 r  
    W5                                                0.000     0.000 r  clk (IN)
                         net (fo=0)                   0.000     0.000    clk
    W5                   IBUF (Prop_ibuf_I_O)         1.458     1.458 r  clk_IBUF_inst/O
                         net (fo=1, routed)           1.967     3.425    clk_IBUF
    BUFGCTRL_X0Y0        BUFG (Prop_bufg_I_O)         0.096     3.521 r  clk_IBUF_BUFG_inst/O
                         net (fo=43, routed)          1.566     5.087    ticker/clk_IBUF_BUFG
    SLICE_X37Y48         FDRE                                         r  ticker/count_reg[10]/C
  -------------------------------------------------------------------    -------------------
    SLICE_X37Y48         FDRE (Prop_fdre_C_Q)         0.456     5.543 r  ticker/count_reg[10]/Q
                         net (fo=2, routed)           0.859     6.402    ticker/count[10]
    SLICE_X37Y48         LUT4 (Prop_lut4_I1_O)        0.124     6.526 r  ticker/count[25]_i_6/O
                         net (fo=1, routed)           0.966     7.492    ticker/count[25]_i_6_n_0
    SLICE_X37Y48         LUT6 (Prop_lut6_I3_O)        0.124     7.616 r  ticker/count[25]_i_2/O
                         net (fo=26, routed)          1.255     8.872    ticker/count[25]_i_2_n_0
    SLICE_X37Y50         LUT2 (Prop_lut2_I0_O)        0.152     9.024 r  ticker/count[20]_i_1/O
                         net (fo=1, routed)           0.000     9.024    ticker/count_0[20]
    SLICE_X37Y50         FDRE                                         r  ticker/count_reg[20]/D
  -------------------------------------------------------------------    -------------------

                         (clock sys_clk_pin rise edge)
                                                     10.000    10.000 r  
    W5                                                0.000    10.000 r  clk (IN)
                         net (fo=0)                   0.000    10.000    clk
    W5                   IBUF (Prop_ibuf_I_O)         1.388    11.388 r  clk_IBUF_inst/O
                         net (fo=1, routed)           1.862    13.250    clk_IBUF
    BUFGCTRL_X0Y0        BUFG (Prop_bufg_I_O)         0.091    13.341 r  clk_IBUF_BUFG_inst/O
                         net (fo=43, routed)          1.436    14.777    ticker/clk_IBUF_BUFG
    SLICE_X37Y50         FDRE                                         r  ticker/count_reg[20]/C
                         clock pessimism              0.180    14.957    
                         clock uncertainty           -0.035    14.921    
    SLICE_X37Y50         FDRE (Setup_fdre_C_D)        0.075    14.996    ticker/count_reg[20]
  -------------------------------------------------------------------
                         required time                         14.996    
                         arrival time                          -9.024    
  -------------------------------------------------------------------
                         slack                                  5.972    

Slack (MET) :             5.982ns  (required time - arrival time)
  Source:                 ticker/count_reg[2]/C
                            (rising edge-triggered cell FDRE clocked by sys_clk_pin  {rise@0.000ns fall@5.000ns period=10.000ns})
  Destination:            ticker/count_reg[25]/D
                            (rising edge-triggered cell FDRE clocked by sys_clk_pin  {rise@0.000ns fall@5.000ns period=10.000ns})
  Path Group:             sys_clk_pin
  Path Type:              Setup (Max at Slow Process Corner)
  Requirement:            10.000ns  (sys_clk_pin rise@10.000ns - sys_clk_pin rise@0.000ns)
  Data Path Delay:        3.928ns  (logic 2.249ns (57.250%)  route 1.679ns (42.750%))
  Logic Levels:           8  (CARRY4=7 LUT2=1)
  Clock Path Skew:        -0.130ns (DCD - SCD + CPR)
    Destination Clock Delay (DCD):    4.777ns = ( 14.777 - 10.000 ) 
    Source Clock Delay      (SCD):    5.086ns
    Clock Pessimism Removal (CPR):    0.180ns
  Clock Uncertainty:      0.035ns  ((TSJ^2 + TIJ^2)^1/2 + DJ) / 2 + PE
    Total System Jitter     (TSJ):    0.071ns
    Total Input Jitter      (TIJ):    0.000ns
    Discrete Jitter          (DJ):    0.000ns
    Phase Error              (PE):    0.000ns

    Location             Delay type                Incr(ns)  Path(ns)    Netlist Resource(s)
  -------------------------------------------------------------------    -------------------
                         (clock sys_clk_pin rise edge)
                                                      0.000     0.000 r  
    W5                                                0.000     0.000 r  clk (IN)
                         net (fo=0)                   0.000     0.000    clk
    W5                   IBUF (Prop_ibuf_I_O)         1.458     1.458 r  clk_IBUF_inst/O
                         net (fo=1, routed)           1.967     3.425    clk_IBUF
    BUFGCTRL_X0Y0        BUFG (Prop_bufg_I_O)         0.096     3.521 r  clk_IBUF_BUFG_inst/O
                         net (fo=43, routed)          1.565     5.086    ticker/clk_IBUF_BUFG
    SLICE_X37Y46         FDRE                                         r  ticker/count_reg[2]/C
  -------------------------------------------------------------------    -------------------
    SLICE_X37Y46         FDRE (Prop_fdre_C_Q)         0.456     5.542 r  ticker/count_reg[2]/Q
                         net (fo=2, routed)           0.738     6.280    ticker/count[2]
    SLICE_X36Y46         CARRY4 (Prop_carry4_S[1]_CO[3])
                                                      0.674     6.954 r  ticker/count0_carry/CO[3]
                         net (fo=1, routed)           0.000     6.954    ticker/count0_carry_n_0
    SLICE_X36Y47         CARRY4 (Prop_carry4_CI_CO[3])
                                                      0.114     7.068 r  ticker/count0_carry__0/CO[3]
                         net (fo=1, routed)           0.000     7.068    ticker/count0_carry__0_n_0
    SLICE_X36Y48         CARRY4 (Prop_carry4_CI_CO[3])
                                                      0.114     7.182 r  ticker/count0_carry__1/CO[3]
                         net (fo=1, routed)           0.000     7.182    ticker/count0_carry__1_n_0
    SLICE_X36Y49         CARRY4 (Prop_carry4_CI_CO[3])
                                                      0.114     7.296 r  ticker/count0_carry__2/CO[3]
                         net (fo=1, routed)           0.001     7.297    ticker/count0_carry__2_n_0
    SLICE_X36Y50         CARRY4 (Prop_carry4_CI_CO[3])
                                                      0.114     7.411 r  ticker/count0_carry__3/CO[3]
                         net (fo=1, routed)           0.000     7.411    ticker/count0_carry__3_n_0
    SLICE_X36Y51         CARRY4 (Prop_carry4_CI_CO[3])
                                                      0.114     7.525 r  ticker/count0_carry__4/CO[3]
                         net (fo=1, routed)           0.000     7.525    ticker/count0_carry__4_n_0
    SLICE_X36Y52         CARRY4 (Prop_carry4_CI_O[0])
                                                      0.222     7.747 r  ticker/count0_carry__5/O[0]
                         net (fo=1, routed)           0.941     8.688    ticker/data0[25]
    SLICE_X37Y51         LUT2 (Prop_lut2_I1_O)        0.327     9.015 r  ticker/count[25]_i_1/O
                         net (fo=1, routed)           0.000     9.015    ticker/count_0[25]
    SLICE_X37Y51         FDRE                                         r  ticker/count_reg[25]/D
  -------------------------------------------------------------------    -------------------

                         (clock sys_clk_pin rise edge)
                                                     10.000    10.000 r  
    W5                                                0.000    10.000 r  clk (IN)
                         net (fo=0)                   0.000    10.000    clk
    W5                   IBUF (Prop_ibuf_I_O)         1.388    11.388 r  clk_IBUF_inst/O
                         net (fo=1, routed)           1.862    13.250    clk_IBUF
    BUFGCTRL_X0Y0        BUFG (Prop_bufg_I_O)         0.091    13.341 r  clk_IBUF_BUFG_inst/O
                         net (fo=43, routed)          1.436    14.777    ticker/clk_IBUF_BUFG
    SLICE_X37Y51         FDRE                                         r  ticker/count_reg[25]/C
                         clock pessimism              0.180    14.957    
                         clock uncertainty           -0.035    14.921    
    SLICE_X37Y51         FDRE (Setup_fdre_C_D)        0.075    14.996    ticker/count_reg[25]
  -------------------------------------------------------------------
                         required time                         14.996    
                         arrival time                          -9.015    
  -------------------------------------------------------------------
                         slack                                  5.982    

Slack (MET) :             6.041ns  (required time - arrival time)
  Source:                 ticker/count_reg[24]/C
                            (rising edge-triggered cell FDRE clocked by sys_clk_pin  {rise@0.000ns fall@5.000ns period=10.000ns})
  Destination:            ticker/clk_out_reg/D
                            (rising edge-triggered cell FDRE clocked by sys_clk_pin  {rise@0.000ns fall@5.000ns period=10.000ns})
  Path Group:             sys_clk_pin
  Path Type:              Setup (Max at Slow Process Corner)
  Requirement:            10.000ns  (sys_clk_pin rise@10.000ns - sys_clk_pin rise@0.000ns)
  Data Path Delay:        3.844ns  (logic 0.963ns (25.053%)  route 2.881ns (74.947%))
  Logic Levels:           3  (LUT2=1 LUT6=2)
  Clock Path Skew:        -0.109ns (DCD - SCD + CPR)
    Destination Clock Delay (DCD):    4.786ns = ( 14.786 - 10.000 ) 
    Source Clock Delay      (SCD):    5.075ns
    Clock Pessimism Removal (CPR):    0.180ns
  Clock Uncertainty:      0.035ns  ((TSJ^2 + TIJ^2)^1/2 + DJ) / 2 + PE
    Total System Jitter     (TSJ):    0.071ns
    Total Input Jitter      (TIJ):    0.000ns
    Discrete Jitter          (DJ):    0.000ns
    Phase Error              (PE):    0.000ns

    Location             Delay type                Incr(ns)  Path(ns)    Netlist Resource(s)
  -------------------------------------------------------------------    -------------------
                         (clock sys_clk_pin rise edge)
                                                      0.000     0.000 r  
    W5                                                0.000     0.000 r  clk (IN)
                         net (fo=0)                   0.000     0.000    clk
    W5                   IBUF (Prop_ibuf_I_O)         1.458     1.458 r  clk_IBUF_inst/O
                         net (fo=1, routed)           1.967     3.425    clk_IBUF
    BUFGCTRL_X0Y0        BUFG (Prop_bufg_I_O)         0.096     3.521 r  clk_IBUF_BUFG_inst/O
                         net (fo=43, routed)          1.554     5.075    ticker/clk_IBUF_BUFG
    SLICE_X37Y51         FDRE                                         r  ticker/count_reg[24]/C
  -------------------------------------------------------------------    -------------------
    SLICE_X37Y51         FDRE (Prop_fdre_C_Q)         0.419     5.494 r  ticker/count_reg[24]/Q
                         net (fo=2, routed)           1.059     6.553    ticker/count[24]
    SLICE_X37Y51         LUT6 (Prop_lut6_I0_O)        0.296     6.849 r  ticker/count[25]_i_8/O
                         net (fo=1, routed)           0.571     7.420    ticker/count[25]_i_8_n_0
    SLICE_X37Y48         LUT6 (Prop_lut6_I5_O)        0.124     7.544 r  ticker/count[25]_i_2/O
                         net (fo=26, routed)          1.250     8.795    ticker/count[25]_i_2_n_0
    SLICE_X37Y46         LUT2 (Prop_lut2_I0_O)        0.124     8.919 r  ticker/clk_out_i_1/O
                         net (fo=1, routed)           0.000     8.919    ticker/clk_out_i_1_n_0
    SLICE_X37Y46         FDRE                                         r  ticker/clk_out_reg/D
  -------------------------------------------------------------------    -------------------

                         (clock sys_clk_pin rise edge)
                                                     10.000    10.000 r  
    W5                                                0.000    10.000 r  clk (IN)
                         net (fo=0)                   0.000    10.000    clk
    W5                   IBUF (Prop_ibuf_I_O)         1.388    11.388 r  clk_IBUF_inst/O
                         net (fo=1, routed)           1.862    13.250    clk_IBUF
    BUFGCTRL_X0Y0        BUFG (Prop_bufg_I_O)         0.091    13.341 r  clk_IBUF_BUFG_inst/O
                         net (fo=43, routed)          1.445    14.786    ticker/clk_IBUF_BUFG
    SLICE_X37Y46         FDRE                                         r  ticker/clk_out_reg/C
                         clock pessimism              0.180    14.966    
                         clock uncertainty           -0.035    14.931    
    SLICE_X37Y46         FDRE (Setup_fdre_C_D)        0.029    14.960    ticker/clk_out_reg
  -------------------------------------------------------------------
                         required time                         14.960    
                         arrival time                          -8.919    
  -------------------------------------------------------------------
                         slack                                  6.041    

Slack (MET) :             6.059ns  (required time - arrival time)
  Source:                 ticker/count_reg[24]/C
                            (rising edge-triggered cell FDRE clocked by sys_clk_pin  {rise@0.000ns fall@5.000ns period=10.000ns})
  Destination:            ticker/count_reg[1]/D
                            (rising edge-triggered cell FDRE clocked by sys_clk_pin  {rise@0.000ns fall@5.000ns period=10.000ns})
  Path Group:             sys_clk_pin
  Path Type:              Setup (Max at Slow Process Corner)
  Requirement:            10.000ns  (sys_clk_pin rise@10.000ns - sys_clk_pin rise@0.000ns)
  Data Path Delay:        3.872ns  (logic 0.991ns (25.595%)  route 2.881ns (74.405%))
  Logic Levels:           3  (LUT2=1 LUT6=2)
  Clock Path Skew:        -0.109ns (DCD - SCD + CPR)
    Destination Clock Delay (DCD):    4.786ns = ( 14.786 - 10.000 ) 
    Source Clock Delay      (SCD):    5.075ns
    Clock Pessimism Removal (CPR):    0.180ns
  Clock Uncertainty:      0.035ns  ((TSJ^2 + TIJ^2)^1/2 + DJ) / 2 + PE
    Total System Jitter     (TSJ):    0.071ns
    Total Input Jitter      (TIJ):    0.000ns
    Discrete Jitter          (DJ):    0.000ns
    Phase Error              (PE):    0.000ns

    Location             Delay type                Incr(ns)  Path(ns)    Netlist Resource(s)
  -------------------------------------------------------------------    -------------------
                         (clock sys_clk_pin rise edge)
                                                      0.000     0.000 r  
    W5                                                0.000     0.000 r  clk (IN)
                         net (fo=0)                   0.000     0.000    clk
    W5                   IBUF (Prop_ibuf_I_O)         1.458     1.458 r  clk_IBUF_inst/O
                         net (fo=1, routed)           1.967     3.425    clk_IBUF
    BUFGCTRL_X0Y0        BUFG (Prop_bufg_I_O)         0.096     3.521 r  clk_IBUF_BUFG_inst/O
                         net (fo=43, routed)          1.554     5.075    ticker/clk_IBUF_BUFG
    SLICE_X37Y51         FDRE                                         r  ticker/count_reg[24]/C
  -------------------------------------------------------------------    -------------------
    SLICE_X37Y51         FDRE (Prop_fdre_C_Q)         0.419     5.494 r  ticker/count_reg[24]/Q
                         net (fo=2, routed)           1.059     6.553    ticker/count[24]
    SLICE_X37Y51         LUT6 (Prop_lut6_I0_O)        0.296     6.849 r  ticker/count[25]_i_8/O
                         net (fo=1, routed)           0.571     7.420    ticker/count[25]_i_8_n_0
    SLICE_X37Y48         LUT6 (Prop_lut6_I5_O)        0.124     7.544 r  ticker/count[25]_i_2/O
                         net (fo=26, routed)          1.250     8.795    ticker/count[25]_i_2_n_0
    SLICE_X37Y46         LUT2 (Prop_lut2_I0_O)        0.152     8.947 r  ticker/count[1]_i_1/O
                         net (fo=1, routed)           0.000     8.947    ticker/count_0[1]
    SLICE_X37Y46         FDRE                                         r  ticker/count_reg[1]/D
  -------------------------------------------------------------------    -------------------

                         (clock sys_clk_pin rise edge)
                                                     10.000    10.000 r  
    W5                                                0.000    10.000 r  clk (IN)
                         net (fo=0)                   0.000    10.000    clk
    W5                   IBUF (Prop_ibuf_I_O)         1.388    11.388 r  clk_IBUF_inst/O
                         net (fo=1, routed)           1.862    13.250    clk_IBUF
    BUFGCTRL_X0Y0        BUFG (Prop_bufg_I_O)         0.091    13.341 r  clk_IBUF_BUFG_inst/O
                         net (fo=43, routed)          1.445    14.786    ticker/clk_IBUF_BUFG
    SLICE_X37Y46         FDRE                                         r  ticker/count_reg[1]/C
                         clock pessimism              0.180    14.966    
                         clock uncertainty           -0.035    14.931    
    SLICE_X37Y46         FDRE (Setup_fdre_C_D)        0.075    15.006    ticker/count_reg[1]
  -------------------------------------------------------------------
                         required time                         15.006    
                         arrival time                          -8.947    
  -------------------------------------------------------------------
                         slack                                  6.059    

Slack (MET) :             6.096ns  (required time - arrival time)
  Source:                 ticker/count_reg[2]/C
                            (rising edge-triggered cell FDRE clocked by sys_clk_pin  {rise@0.000ns fall@5.000ns period=10.000ns})
  Destination:            ticker/count_reg[21]/D
                            (rising edge-triggered cell FDRE clocked by sys_clk_pin  {rise@0.000ns fall@5.000ns period=10.000ns})
  Path Group:             sys_clk_pin
  Path Type:              Setup (Max at Slow Process Corner)
  Requirement:            10.000ns  (sys_clk_pin rise@10.000ns - sys_clk_pin rise@0.000ns)
  Data Path Delay:        3.814ns  (logic 2.135ns (55.972%)  route 1.679ns (44.028%))
  Logic Levels:           7  (CARRY4=6 LUT2=1)
  Clock Path Skew:        -0.130ns (DCD - SCD + CPR)
    Destination Clock Delay (DCD):    4.777ns = ( 14.777 - 10.000 ) 
    Source Clock Delay      (SCD):    5.086ns
    Clock Pessimism Removal (CPR):    0.180ns
  Clock Uncertainty:      0.035ns  ((TSJ^2 + TIJ^2)^1/2 + DJ) / 2 + PE
    Total System Jitter     (TSJ):    0.071ns
    Total Input Jitter      (TIJ):    0.000ns
    Discrete Jitter          (DJ):    0.000ns
    Phase Error              (PE):    0.000ns

    Location             Delay type                Incr(ns)  Path(ns)    Netlist Resource(s)
  -------------------------------------------------------------------    -------------------
                         (clock sys_clk_pin rise edge)
                                                      0.000     0.000 r  
    W5                                                0.000     0.000 r  clk (IN)
                         net (fo=0)                   0.000     0.000    clk
    W5                   IBUF (Prop_ibuf_I_O)         1.458     1.458 r  clk_IBUF_inst/O
                         net (fo=1, routed)           1.967     3.425    clk_IBUF
    BUFGCTRL_X0Y0        BUFG (Prop_bufg_I_O)         0.096     3.521 r  clk_IBUF_BUFG_inst/O
                         net (fo=43, routed)          1.565     5.086    ticker/clk_IBUF_BUFG
    SLICE_X37Y46         FDRE                                         r  ticker/count_reg[2]/C
  -------------------------------------------------------------------    -------------------
    SLICE_X37Y46         FDRE (Prop_fdre_C_Q)         0.456     5.542 r  ticker/count_reg[2]/Q
                         net (fo=2, routed)           0.738     6.280    ticker/count[2]
    SLICE_X36Y46         CARRY4 (Prop_carry4_S[1]_CO[3])
                                                      0.674     6.954 r  ticker/count0_carry/CO[3]
                         net (fo=1, routed)           0.000     6.954    ticker/count0_carry_n_0
    SLICE_X36Y47         CARRY4 (Prop_carry4_CI_CO[3])
                                                      0.114     7.068 r  ticker/count0_carry__0/CO[3]
                         net (fo=1, routed)           0.000     7.068    ticker/count0_carry__0_n_0
    SLICE_X36Y48         CARRY4 (Prop_carry4_CI_CO[3])
                                                      0.114     7.182 r  ticker/count0_carry__1/CO[3]
                         net (fo=1, routed)           0.000     7.182    ticker/count0_carry__1_n_0
    SLICE_X36Y49         CARRY4 (Prop_carry4_CI_CO[3])
                                                      0.114     7.296 r  ticker/count0_carry__2/CO[3]
                         net (fo=1, routed)           0.001     7.297    ticker/count0_carry__2_n_0
    SLICE_X36Y50         CARRY4 (Prop_carry4_CI_CO[3])
                                                      0.114     7.411 r  ticker/count0_carry__3/CO[3]
                         net (fo=1, routed)           0.000     7.411    ticker/count0_carry__3_n_0
    SLICE_X36Y51         CARRY4 (Prop_carry4_CI_O[0])
                                                      0.222     7.633 r  ticker/count0_carry__4/O[0]
                         net (fo=1, routed)           0.941     8.574    ticker/data0[21]
    SLICE_X37Y50         LUT2 (Prop_lut2_I1_O)        0.327     8.901 r  ticker/count[21]_i_1/O
                         net (fo=1, routed)           0.000     8.901    ticker/count_0[21]
    SLICE_X37Y50         FDRE                                         r  ticker/count_reg[21]/D
  -------------------------------------------------------------------    -------------------

                         (clock sys_clk_pin rise edge)
                                                     10.000    10.000 r  
    W5                                                0.000    10.000 r  clk (IN)
                         net (fo=0)                   0.000    10.000    clk
    W5                   IBUF (Prop_ibuf_I_O)         1.388    11.388 r  clk_IBUF_inst/O
                         net (fo=1, routed)           1.862    13.250    clk_IBUF
    BUFGCTRL_X0Y0        BUFG (Prop_bufg_I_O)         0.091    13.341 r  clk_IBUF_BUFG_inst/O
                         net (fo=43, routed)          1.436    14.777    ticker/clk_IBUF_BUFG
    SLICE_X37Y50         FDRE                                         r  ticker/count_reg[21]/C
                         clock pessimism              0.180    14.957    
                         clock uncertainty           -0.035    14.921    
    SLICE_X37Y50         FDRE (Setup_fdre_C_D)        0.075    14.996    ticker/count_reg[21]
  -------------------------------------------------------------------
                         required time                         14.996    
                         arrival time                          -8.901    
  -------------------------------------------------------------------
                         slack                                  6.096    

Slack (MET) :             6.118ns  (required time - arrival time)
  Source:                 ticker/count_reg[10]/C
                            (rising edge-triggered cell FDRE clocked by sys_clk_pin  {rise@0.000ns fall@5.000ns period=10.000ns})
  Destination:            ticker/count_reg[22]/D
                            (rising edge-triggered cell FDRE clocked by sys_clk_pin  {rise@0.000ns fall@5.000ns period=10.000ns})
  Path Group:             sys_clk_pin
  Path Type:              Setup (Max at Slow Process Corner)
  Requirement:            10.000ns  (sys_clk_pin rise@10.000ns - sys_clk_pin rise@0.000ns)
  Data Path Delay:        3.744ns  (logic 0.828ns (22.113%)  route 2.916ns (77.887%))
  Logic Levels:           3  (LUT2=1 LUT4=1 LUT6=1)
  Clock Path Skew:        -0.131ns (DCD - SCD + CPR)
    Destination Clock Delay (DCD):    4.777ns = ( 14.777 - 10.000 ) 
    Source Clock Delay      (SCD):    5.087ns
    Clock Pessimism Removal (CPR):    0.180ns
  Clock Uncertainty:      0.035ns  ((TSJ^2 + TIJ^2)^1/2 + DJ) / 2 + PE
    Total System Jitter     (TSJ):    0.071ns
    Total Input Jitter      (TIJ):    0.000ns
    Discrete Jitter          (DJ):    0.000ns
    Phase Error              (PE):    0.000ns

    Location             Delay type                Incr(ns)  Path(ns)    Netlist Resource(s)
  -------------------------------------------------------------------    -------------------
                         (clock sys_clk_pin rise edge)
                                                      0.000     0.000 r  
    W5                                                0.000     0.000 r  clk (IN)
                         net (fo=0)                   0.000     0.000    clk
    W5                   IBUF (Prop_ibuf_I_O)         1.458     1.458 r  clk_IBUF_inst/O
                         net (fo=1, routed)           1.967     3.425    clk_IBUF
    BUFGCTRL_X0Y0        BUFG (Prop_bufg_I_O)         0.096     3.521 r  clk_IBUF_BUFG_inst/O
                         net (fo=43, routed)          1.566     5.087    ticker/clk_IBUF_BUFG
    SLICE_X37Y48         FDRE                                         r  ticker/count_reg[10]/C
  -------------------------------------------------------------------    -------------------
    SLICE_X37Y48         FDRE (Prop_fdre_C_Q)         0.456     5.543 r  ticker/count_reg[10]/Q
                         net (fo=2, routed)           0.859     6.402    ticker/count[10]
    SLICE_X37Y48         LUT4 (Prop_lut4_I1_O)        0.124     6.526 r  ticker/count[25]_i_6/O
                         net (fo=1, routed)           0.966     7.492    ticker/count[25]_i_6_n_0
    SLICE_X37Y48         LUT6 (Prop_lut6_I3_O)        0.124     7.616 r  ticker/count[25]_i_2/O
                         net (fo=26, routed)          1.092     8.708    ticker/count[25]_i_2_n_0
    SLICE_X37Y51         LUT2 (Prop_lut2_I0_O)        0.124     8.832 r  ticker/count[22]_i_1/O
                         net (fo=1, routed)           0.000     8.832    ticker/count_0[22]
    SLICE_X37Y51         FDRE                                         r  ticker/count_reg[22]/D
  -------------------------------------------------------------------    -------------------

                         (clock sys_clk_pin rise edge)
                                                     10.000    10.000 r  
    W5                                                0.000    10.000 r  clk (IN)
                         net (fo=0)                   0.000    10.000    clk
    W5                   IBUF (Prop_ibuf_I_O)         1.388    11.388 r  clk_IBUF_inst/O
                         net (fo=1, routed)           1.862    13.250    clk_IBUF
    BUFGCTRL_X0Y0        BUFG (Prop_bufg_I_O)         0.091    13.341 r  clk_IBUF_BUFG_inst/O
                         net (fo=43, routed)          1.436    14.777    ticker/clk_IBUF_BUFG
    SLICE_X37Y51         FDRE                                         r  ticker/count_reg[22]/C
                         clock pessimism              0.180    14.957    
                         clock uncertainty           -0.035    14.921    
    SLICE_X37Y51         FDRE (Setup_fdre_C_D)        0.029    14.950    ticker/count_reg[22]
  -------------------------------------------------------------------
                         required time                         14.950    
                         arrival time                          -8.832    
  -------------------------------------------------------------------
                         slack                                  6.118    

Slack (MET) :             6.191ns  (required time - arrival time)
  Source:                 ticker/count_reg[24]/C
                            (rising edge-triggered cell FDRE clocked by sys_clk_pin  {rise@0.000ns fall@5.000ns period=10.000ns})
  Destination:            ticker/count_reg[6]/D
                            (rising edge-triggered cell FDRE clocked by sys_clk_pin  {rise@0.000ns fall@5.000ns period=10.000ns})
  Path Group:             sys_clk_pin
  Path Type:              Setup (Max at Slow Process Corner)
  Requirement:            10.000ns  (sys_clk_pin rise@10.000ns - sys_clk_pin rise@0.000ns)
  Data Path Delay:        3.695ns  (logic 0.963ns (26.064%)  route 2.732ns (73.936%))
  Logic Levels:           3  (LUT2=1 LUT6=2)
  Clock Path Skew:        -0.108ns (DCD - SCD + CPR)
    Destination Clock Delay (DCD):    4.787ns = ( 14.787 - 10.000 ) 
    Source Clock Delay      (SCD):    5.075ns
    Clock Pessimism Removal (CPR):    0.180ns
  Clock Uncertainty:      0.035ns  ((TSJ^2 + TIJ^2)^1/2 + DJ) / 2 + PE
    Total System Jitter     (TSJ):    0.071ns
    Total Input Jitter      (TIJ):    0.000ns
    Discrete Jitter          (DJ):    0.000ns
    Phase Error              (PE):    0.000ns

    Location             Delay type                Incr(ns)  Path(ns)    Netlist Resource(s)
  -------------------------------------------------------------------    -------------------
                         (clock sys_clk_pin rise edge)
                                                      0.000     0.000 r  
    W5                                                0.000     0.000 r  clk (IN)
                         net (fo=0)                   0.000     0.000    clk
    W5                   IBUF (Prop_ibuf_I_O)         1.458     1.458 r  clk_IBUF_inst/O
                         net (fo=1, routed)           1.967     3.425    clk_IBUF
    BUFGCTRL_X0Y0        BUFG (Prop_bufg_I_O)         0.096     3.521 r  clk_IBUF_BUFG_inst/O
                         net (fo=43, routed)          1.554     5.075    ticker/clk_IBUF_BUFG
    SLICE_X37Y51         FDRE                                         r  ticker/count_reg[24]/C
  -------------------------------------------------------------------    -------------------
    SLICE_X37Y51         FDRE (Prop_fdre_C_Q)         0.419     5.494 r  ticker/count_reg[24]/Q
                         net (fo=2, routed)           1.059     6.553    ticker/count[24]
    SLICE_X37Y51         LUT6 (Prop_lut6_I0_O)        0.296     6.849 r  ticker/count[25]_i_8/O
                         net (fo=1, routed)           0.571     7.420    ticker/count[25]_i_8_n_0
    SLICE_X37Y48         LUT6 (Prop_lut6_I5_O)        0.124     7.544 r  ticker/count[25]_i_2/O
                         net (fo=26, routed)          1.101     8.646    ticker/count[25]_i_2_n_0
    SLICE_X37Y47         LUT2 (Prop_lut2_I0_O)        0.124     8.770 r  ticker/count[6]_i_1/O
                         net (fo=1, routed)           0.000     8.770    ticker/count_0[6]
    SLICE_X37Y47         FDRE                                         r  ticker/count_reg[6]/D
  -------------------------------------------------------------------    -------------------

                         (clock sys_clk_pin rise edge)
                                                     10.000    10.000 r  
    W5                                                0.000    10.000 r  clk (IN)
                         net (fo=0)                   0.000    10.000    clk
    W5                   IBUF (Prop_ibuf_I_O)         1.388    11.388 r  clk_IBUF_inst/O
                         net (fo=1, routed)           1.862    13.250    clk_IBUF
    BUFGCTRL_X0Y0        BUFG (Prop_bufg_I_O)         0.091    13.341 r  clk_IBUF_BUFG_inst/O
                         net (fo=43, routed)          1.446    14.787    ticker/clk_IBUF_BUFG
    SLICE_X37Y47         FDRE                                         r  ticker/count_reg[6]/C
                         clock pessimism              0.180    14.967    
                         clock uncertainty           -0.035    14.932    
    SLICE_X37Y47         FDRE (Setup_fdre_C_D)        0.029    14.961    ticker/count_reg[6]
  -------------------------------------------------------------------
                         required time                         14.961    
                         arrival time                          -8.770    
  -------------------------------------------------------------------
                         slack                                  6.191    

Slack (MET) :             6.209ns  (required time - arrival time)
  Source:                 ticker/count_reg[24]/C
                            (rising edge-triggered cell FDRE clocked by sys_clk_pin  {rise@0.000ns fall@5.000ns period=10.000ns})
  Destination:            ticker/count_reg[9]/D
                            (rising edge-triggered cell FDRE clocked by sys_clk_pin  {rise@0.000ns fall@5.000ns period=10.000ns})
  Path Group:             sys_clk_pin
  Path Type:              Setup (Max at Slow Process Corner)
  Requirement:            10.000ns  (sys_clk_pin rise@10.000ns - sys_clk_pin rise@0.000ns)
  Data Path Delay:        3.723ns  (logic 0.991ns (26.620%)  route 2.732ns (73.380%))
  Logic Levels:           3  (LUT2=1 LUT6=2)
  Clock Path Skew:        -0.108ns (DCD - SCD + CPR)
    Destination Clock Delay (DCD):    4.787ns = ( 14.787 - 10.000 ) 
    Source Clock Delay      (SCD):    5.075ns
    Clock Pessimism Removal (CPR):    0.180ns
  Clock Uncertainty:      0.035ns  ((TSJ^2 + TIJ^2)^1/2 + DJ) / 2 + PE
    Total System Jitter     (TSJ):    0.071ns
    Total Input Jitter      (TIJ):    0.000ns
    Discrete Jitter          (DJ):    0.000ns
    Phase Error              (PE):    0.000ns

    Location             Delay type                Incr(ns)  Path(ns)    Netlist Resource(s)
  -------------------------------------------------------------------    -------------------
                         (clock sys_clk_pin rise edge)
                                                      0.000     0.000 r  
    W5                                                0.000     0.000 r  clk (IN)
                         net (fo=0)                   0.000     0.000    clk
    W5                   IBUF (Prop_ibuf_I_O)         1.458     1.458 r  clk_IBUF_inst/O
                         net (fo=1, routed)           1.967     3.425    clk_IBUF
    BUFGCTRL_X0Y0        BUFG (Prop_bufg_I_O)         0.096     3.521 r  clk_IBUF_BUFG_inst/O
                         net (fo=43, routed)          1.554     5.075    ticker/clk_IBUF_BUFG
    SLICE_X37Y51         FDRE                                         r  ticker/count_reg[24]/C
  -------------------------------------------------------------------    -------------------
    SLICE_X37Y51         FDRE (Prop_fdre_C_Q)         0.419     5.494 r  ticker/count_reg[24]/Q
                         net (fo=2, routed)           1.059     6.553    ticker/count[24]
    SLICE_X37Y51         LUT6 (Prop_lut6_I0_O)        0.296     6.849 r  ticker/count[25]_i_8/O
                         net (fo=1, routed)           0.571     7.420    ticker/count[25]_i_8_n_0
    SLICE_X37Y48         LUT6 (Prop_lut6_I5_O)        0.124     7.544 r  ticker/count[25]_i_2/O
                         net (fo=26, routed)          1.101     8.646    ticker/count[25]_i_2_n_0
    SLICE_X37Y47         LUT2 (Prop_lut2_I0_O)        0.152     8.798 r  ticker/count[9]_i_1/O
                         net (fo=1, routed)           0.000     8.798    ticker/count_0[9]
    SLICE_X37Y47         FDRE                                         r  ticker/count_reg[9]/D
  -------------------------------------------------------------------    -------------------

                         (clock sys_clk_pin rise edge)
                                                     10.000    10.000 r  
    W5                                                0.000    10.000 r  clk (IN)
                         net (fo=0)                   0.000    10.000    clk
    W5                   IBUF (Prop_ibuf_I_O)         1.388    11.388 r  clk_IBUF_inst/O
                         net (fo=1, routed)           1.862    13.250    clk_IBUF
    BUFGCTRL_X0Y0        BUFG (Prop_bufg_I_O)         0.091    13.341 r  clk_IBUF_BUFG_inst/O
                         net (fo=43, routed)          1.446    14.787    ticker/clk_IBUF_BUFG
    SLICE_X37Y47         FDRE                                         r  ticker/count_reg[9]/C
                         clock pessimism              0.180    14.967    
                         clock uncertainty           -0.035    14.932    
    SLICE_X37Y47         FDRE (Setup_fdre_C_D)        0.075    15.007    ticker/count_reg[9]
  -------------------------------------------------------------------
                         required time                         15.007    
                         arrival time                          -8.798    
  -------------------------------------------------------------------
                         slack                                  6.209    

Slack (MET) :             6.268ns  (required time - arrival time)
  Source:                 ticker/count_reg[24]/C
                            (rising edge-triggered cell FDRE clocked by sys_clk_pin  {rise@0.000ns fall@5.000ns period=10.000ns})
  Destination:            ticker/count_reg[2]/D
                            (rising edge-triggered cell FDRE clocked by sys_clk_pin  {rise@0.000ns fall@5.000ns period=10.000ns})
  Path Group:             sys_clk_pin
  Path Type:              Setup (Max at Slow Process Corner)
  Requirement:            10.000ns  (sys_clk_pin rise@10.000ns - sys_clk_pin rise@0.000ns)
  Data Path Delay:        3.619ns  (logic 0.963ns (26.611%)  route 2.656ns (73.389%))
  Logic Levels:           3  (LUT2=1 LUT6=2)
  Clock Path Skew:        -0.109ns (DCD - SCD + CPR)
    Destination Clock Delay (DCD):    4.786ns = ( 14.786 - 10.000 ) 
    Source Clock Delay      (SCD):    5.075ns
    Clock Pessimism Removal (CPR):    0.180ns
  Clock Uncertainty:      0.035ns  ((TSJ^2 + TIJ^2)^1/2 + DJ) / 2 + PE
    Total System Jitter     (TSJ):    0.071ns
    Total Input Jitter      (TIJ):    0.000ns
    Discrete Jitter          (DJ):    0.000ns
    Phase Error              (PE):    0.000ns

    Location             Delay type                Incr(ns)  Path(ns)    Netlist Resource(s)
  -------------------------------------------------------------------    -------------------
                         (clock sys_clk_pin rise edge)
                                                      0.000     0.000 r  
    W5                                                0.000     0.000 r  clk (IN)
                         net (fo=0)                   0.000     0.000    clk
    W5                   IBUF (Prop_ibuf_I_O)         1.458     1.458 r  clk_IBUF_inst/O
                         net (fo=1, routed)           1.967     3.425    clk_IBUF
    BUFGCTRL_X0Y0        BUFG (Prop_bufg_I_O)         0.096     3.521 r  clk_IBUF_BUFG_inst/O
                         net (fo=43, routed)          1.554     5.075    ticker/clk_IBUF_BUFG
    SLICE_X37Y51         FDRE                                         r  ticker/count_reg[24]/C
  -------------------------------------------------------------------    -------------------
    SLICE_X37Y51         FDRE (Prop_fdre_C_Q)         0.419     5.494 r  ticker/count_reg[24]/Q
                         net (fo=2, routed)           1.059     6.553    ticker/count[24]
    SLICE_X37Y51         LUT6 (Prop_lut6_I0_O)        0.296     6.849 r  ticker/count[25]_i_8/O
                         net (fo=1, routed)           0.571     7.420    ticker/count[25]_i_8_n_0
    SLICE_X37Y48         LUT6 (Prop_lut6_I5_O)        0.124     7.544 r  ticker/count[25]_i_2/O
                         net (fo=26, routed)          1.025     8.570    ticker/count[25]_i_2_n_0
    SLICE_X37Y46         LUT2 (Prop_lut2_I0_O)        0.124     8.694 r  ticker/count[2]_i_1/O
                         net (fo=1, routed)           0.000     8.694    ticker/count_0[2]
    SLICE_X37Y46         FDRE                                         r  ticker/count_reg[2]/D
  -------------------------------------------------------------------    -------------------

                         (clock sys_clk_pin rise edge)
                                                     10.000    10.000 r  
    W5                                                0.000    10.000 r  clk (IN)
                         net (fo=0)                   0.000    10.000    clk
    W5                   IBUF (Prop_ibuf_I_O)         1.388    11.388 r  clk_IBUF_inst/O
                         net (fo=1, routed)           1.862    13.250    clk_IBUF
    BUFGCTRL_X0Y0        BUFG (Prop_bufg_I_O)         0.091    13.341 r  clk_IBUF_BUFG_inst/O
                         net (fo=43, routed)          1.445    14.786    ticker/clk_IBUF_BUFG
    SLICE_X37Y46         FDRE                                         r  ticker/count_reg[2]/C
                         clock pessimism              0.180    14.966    
                         clock uncertainty           -0.035    14.931    
    SLICE_X37Y46         FDRE (Setup_fdre_C_D)        0.031    14.962    ticker/count_reg[2]
  -------------------------------------------------------------------
                         required time                         14.962    
                         arrival time                          -8.694    
  -------------------------------------------------------------------
                         slack                                  6.268    





Min Delay Paths
--------------------------------------------------------------------------------------
Slack (MET) :             0.338ns  (arrival time - required time)
  Source:                 ticker/count_reg[0]/C
                            (rising edge-triggered cell FDRE clocked by sys_clk_pin  {rise@0.000ns fall@5.000ns period=10.000ns})
  Destination:            ticker/count_reg[0]/D
                            (rising edge-triggered cell FDRE clocked by sys_clk_pin  {rise@0.000ns fall@5.000ns period=10.000ns})
  Path Group:             sys_clk_pin
  Path Type:              Hold (Min at Fast Process Corner)
  Requirement:            0.000ns  (sys_clk_pin rise@0.000ns - sys_clk_pin rise@0.000ns)
  Data Path Delay:        0.430ns  (logic 0.186ns (43.212%)  route 0.244ns (56.788%))
  Logic Levels:           1  (LUT1=1)
  Clock Path Skew:        0.000ns (DCD - SCD - CPR)
    Destination Clock Delay (DCD):    1.960ns
    Source Clock Delay      (SCD):    1.447ns
    Clock Pessimism Removal (CPR):    0.513ns

    Location             Delay type                Incr(ns)  Path(ns)    Netlist Resource(s)
  -------------------------------------------------------------------    -------------------
                         (clock sys_clk_pin rise edge)
                                                      0.000     0.000 r  
    W5                                                0.000     0.000 r  clk (IN)
                         net (fo=0)                   0.000     0.000    clk
    W5                   IBUF (Prop_ibuf_I_O)         0.226     0.226 r  clk_IBUF_inst/O
                         net (fo=1, routed)           0.631     0.858    clk_IBUF
    BUFGCTRL_X0Y0        BUFG (Prop_bufg_I_O)         0.026     0.884 r  clk_IBUF_BUFG_inst/O
                         net (fo=43, routed)          0.564     1.447    ticker/clk_IBUF_BUFG
    SLICE_X37Y47         FDRE                                         r  ticker/count_reg[0]/C
  -------------------------------------------------------------------    -------------------
    SLICE_X37Y47         FDRE (Prop_fdre_C_Q)         0.141     1.588 f  ticker/count_reg[0]/Q
                         net (fo=3, routed)           0.244     1.833    ticker/count[0]
    SLICE_X37Y47         LUT1 (Prop_lut1_I0_O)        0.045     1.878 r  ticker/count[0]_i_1/O
                         net (fo=1, routed)           0.000     1.878    ticker/count_0[0]
    SLICE_X37Y47         FDRE                                         r  ticker/count_reg[0]/D
  -------------------------------------------------------------------    -------------------

                         (clock sys_clk_pin rise edge)
                                                      0.000     0.000 r  
    W5                                                0.000     0.000 r  clk (IN)
                         net (fo=0)                   0.000     0.000    clk
    W5                   IBUF (Prop_ibuf_I_O)         0.414     0.414 r  clk_IBUF_inst/O
                         net (fo=1, routed)           0.685     1.099    clk_IBUF
    BUFGCTRL_X0Y0        BUFG (Prop_bufg_I_O)         0.029     1.128 r  clk_IBUF_BUFG_inst/O
                         net (fo=43, routed)          0.833     1.960    ticker/clk_IBUF_BUFG
    SLICE_X37Y47         FDRE                                         r  ticker/count_reg[0]/C
                         clock pessimism             -0.513     1.447    
    SLICE_X37Y47         FDRE (Hold_fdre_C_D)         0.092     1.539    ticker/count_reg[0]
  -------------------------------------------------------------------
                         required time                         -1.539    
                         arrival time                           1.878    
  -------------------------------------------------------------------
                         slack                                  0.338    

Slack (MET) :             0.346ns  (arrival time - required time)
  Source:                 ticker/count_reg[15]/C
                            (rising edge-triggered cell FDRE clocked by sys_clk_pin  {rise@0.000ns fall@5.000ns period=10.000ns})
  Destination:            ticker/count_reg[19]/D
                            (rising edge-triggered cell FDRE clocked by sys_clk_pin  {rise@0.000ns fall@5.000ns period=10.000ns})
  Path Group:             sys_clk_pin
  Path Type:              Hold (Min at Fast Process Corner)
  Requirement:            0.000ns  (sys_clk_pin rise@0.000ns - sys_clk_pin rise@0.000ns)
  Data Path Delay:        0.705ns  (logic 0.474ns (67.222%)  route 0.231ns (32.778%))
  Logic Levels:           3  (CARRY4=2 LUT2=1)
  Clock Path Skew:        0.267ns (DCD - SCD - CPR)
    Destination Clock Delay (DCD):    1.958ns
    Source Clock Delay      (SCD):    1.447ns
    Clock Pessimism Removal (CPR):    0.244ns

    Location             Delay type                Incr(ns)  Path(ns)    Netlist Resource(s)
  -------------------------------------------------------------------    -------------------
                         (clock sys_clk_pin rise edge)
                                                      0.000     0.000 r  
    W5                                                0.000     0.000 r  clk (IN)
                         net (fo=0)                   0.000     0.000    clk
    W5                   IBUF (Prop_ibuf_I_O)         0.226     0.226 r  clk_IBUF_inst/O
                         net (fo=1, routed)           0.631     0.858    clk_IBUF
    BUFGCTRL_X0Y0        BUFG (Prop_bufg_I_O)         0.026     0.884 r  clk_IBUF_BUFG_inst/O
                         net (fo=43, routed)          0.564     1.447    ticker/clk_IBUF_BUFG
    SLICE_X37Y49         FDRE                                         r  ticker/count_reg[15]/C
  -------------------------------------------------------------------    -------------------
    SLICE_X37Y49         FDRE (Prop_fdre_C_Q)         0.141     1.588 r  ticker/count_reg[15]/Q
                         net (fo=2, routed)           0.069     1.657    ticker/count[15]
    SLICE_X36Y49         CARRY4 (Prop_carry4_S[2]_CO[3])
                                                      0.160     1.817 r  ticker/count0_carry__2/CO[3]
                         net (fo=1, routed)           0.001     1.818    ticker/count0_carry__2_n_0
    SLICE_X36Y50         CARRY4 (Prop_carry4_CI_O[2])
                                                      0.065     1.883 r  ticker/count0_carry__3/O[2]
                         net (fo=1, routed)           0.161     2.044    ticker/data0[19]
    SLICE_X37Y50         LUT2 (Prop_lut2_I1_O)        0.108     2.152 r  ticker/count[19]_i_1/O
                         net (fo=1, routed)           0.000     2.152    ticker/count_0[19]
    SLICE_X37Y50         FDRE                                         r  ticker/count_reg[19]/D
  -------------------------------------------------------------------    -------------------

                         (clock sys_clk_pin rise edge)
                                                      0.000     0.000 r  
    W5                                                0.000     0.000 r  clk (IN)
                         net (fo=0)                   0.000     0.000    clk
    W5                   IBUF (Prop_ibuf_I_O)         0.414     0.414 r  clk_IBUF_inst/O
                         net (fo=1, routed)           0.685     1.099    clk_IBUF
    BUFGCTRL_X0Y0        BUFG (Prop_bufg_I_O)         0.029     1.128 r  clk_IBUF_BUFG_inst/O
                         net (fo=43, routed)          0.830     1.958    ticker/clk_IBUF_BUFG
    SLICE_X37Y50         FDRE                                         r  ticker/count_reg[19]/C
                         clock pessimism             -0.244     1.714    
    SLICE_X37Y50         FDRE (Hold_fdre_C_D)         0.092     1.806    ticker/count_reg[19]
  -------------------------------------------------------------------
                         required time                         -1.806    
                         arrival time                           2.152    
  -------------------------------------------------------------------
                         slack                                  0.346    

Slack (MET) :             0.358ns  (arrival time - required time)
  Source:                 ticker/count_reg[15]/C
                            (rising edge-triggered cell FDRE clocked by sys_clk_pin  {rise@0.000ns fall@5.000ns period=10.000ns})
  Destination:            ticker/count_reg[18]/D
                            (rising edge-triggered cell FDRE clocked by sys_clk_pin  {rise@0.000ns fall@5.000ns period=10.000ns})
  Path Group:             sys_clk_pin
  Path Type:              Hold (Min at Fast Process Corner)
  Requirement:            0.000ns  (sys_clk_pin rise@0.000ns - sys_clk_pin rise@0.000ns)
  Data Path Delay:        0.715ns  (logic 0.499ns (69.751%)  route 0.216ns (30.249%))
  Logic Levels:           3  (CARRY4=2 LUT2=1)
  Clock Path Skew:        0.267ns (DCD - SCD - CPR)
    Destination Clock Delay (DCD):    1.958ns
    Source Clock Delay      (SCD):    1.447ns
    Clock Pessimism Removal (CPR):    0.244ns

    Location             Delay type                Incr(ns)  Path(ns)    Netlist Resource(s)
  -------------------------------------------------------------------    -------------------
                         (clock sys_clk_pin rise edge)
                                                      0.000     0.000 r  
    W5                                                0.000     0.000 r  clk (IN)
                         net (fo=0)                   0.000     0.000    clk
    W5                   IBUF (Prop_ibuf_I_O)         0.226     0.226 r  clk_IBUF_inst/O
                         net (fo=1, routed)           0.631     0.858    clk_IBUF
    BUFGCTRL_X0Y0        BUFG (Prop_bufg_I_O)         0.026     0.884 r  clk_IBUF_BUFG_inst/O
                         net (fo=43, routed)          0.564     1.447    ticker/clk_IBUF_BUFG
    SLICE_X37Y49         FDRE                                         r  ticker/count_reg[15]/C
  -------------------------------------------------------------------    -------------------
    SLICE_X37Y49         FDRE (Prop_fdre_C_Q)         0.141     1.588 r  ticker/count_reg[15]/Q
                         net (fo=2, routed)           0.069     1.657    ticker/count[15]
    SLICE_X36Y49         CARRY4 (Prop_carry4_S[2]_CO[3])
                                                      0.160     1.817 r  ticker/count0_carry__2/CO[3]
                         net (fo=1, routed)           0.001     1.818    ticker/count0_carry__2_n_0
    SLICE_X36Y50         CARRY4 (Prop_carry4_CI_O[1])
                                                      0.091     1.909 r  ticker/count0_carry__3/O[1]
                         net (fo=1, routed)           0.146     2.056    ticker/data0[18]
    SLICE_X37Y50         LUT2 (Prop_lut2_I1_O)        0.107     2.163 r  ticker/count[18]_i_1/O
                         net (fo=1, routed)           0.000     2.163    ticker/count_0[18]
    SLICE_X37Y50         FDRE                                         r  ticker/count_reg[18]/D
  -------------------------------------------------------------------    -------------------

                         (clock sys_clk_pin rise edge)
                                                      0.000     0.000 r  
    W5                                                0.000     0.000 r  clk (IN)
                         net (fo=0)                   0.000     0.000    clk
    W5                   IBUF (Prop_ibuf_I_O)         0.414     0.414 r  clk_IBUF_inst/O
                         net (fo=1, routed)           0.685     1.099    clk_IBUF
    BUFGCTRL_X0Y0        BUFG (Prop_bufg_I_O)         0.029     1.128 r  clk_IBUF_BUFG_inst/O
                         net (fo=43, routed)          0.830     1.958    ticker/clk_IBUF_BUFG
    SLICE_X37Y50         FDRE                                         r  ticker/count_reg[18]/C
                         clock pessimism             -0.244     1.714    
    SLICE_X37Y50         FDRE (Hold_fdre_C_D)         0.091     1.805    ticker/count_reg[18]
  -------------------------------------------------------------------
                         required time                         -1.805    
                         arrival time                           2.163    
  -------------------------------------------------------------------
                         slack                                  0.358    

Slack (MET) :             0.385ns  (arrival time - required time)
  Source:                 ticker/count_reg[15]/C
                            (rising edge-triggered cell FDRE clocked by sys_clk_pin  {rise@0.000ns fall@5.000ns period=10.000ns})
  Destination:            ticker/count_reg[23]/D
                            (rising edge-triggered cell FDRE clocked by sys_clk_pin  {rise@0.000ns fall@5.000ns period=10.000ns})
  Path Group:             sys_clk_pin
  Path Type:              Hold (Min at Fast Process Corner)
  Requirement:            0.000ns  (sys_clk_pin rise@0.000ns - sys_clk_pin rise@0.000ns)
  Data Path Delay:        0.744ns  (logic 0.513ns (68.940%)  route 0.231ns (31.060%))
  Logic Levels:           4  (CARRY4=3 LUT2=1)
  Clock Path Skew:        0.267ns (DCD - SCD - CPR)
    Destination Clock Delay (DCD):    1.958ns
    Source Clock Delay      (SCD):    1.447ns
    Clock Pessimism Removal (CPR):    0.244ns

    Location             Delay type                Incr(ns)  Path(ns)    Netlist Resource(s)
  -------------------------------------------------------------------    -------------------
                         (clock sys_clk_pin rise edge)
                                                      0.000     0.000 r  
    W5                                                0.000     0.000 r  clk (IN)
                         net (fo=0)                   0.000     0.000    clk
    W5                   IBUF (Prop_ibuf_I_O)         0.226     0.226 r  clk_IBUF_inst/O
                         net (fo=1, routed)           0.631     0.858    clk_IBUF
    BUFGCTRL_X0Y0        BUFG (Prop_bufg_I_O)         0.026     0.884 r  clk_IBUF_BUFG_inst/O
                         net (fo=43, routed)          0.564     1.447    ticker/clk_IBUF_BUFG
    SLICE_X37Y49         FDRE                                         r  ticker/count_reg[15]/C
  -------------------------------------------------------------------    -------------------
    SLICE_X37Y49         FDRE (Prop_fdre_C_Q)         0.141     1.588 r  ticker/count_reg[15]/Q
                         net (fo=2, routed)           0.069     1.657    ticker/count[15]
    SLICE_X36Y49         CARRY4 (Prop_carry4_S[2]_CO[3])
                                                      0.160     1.817 r  ticker/count0_carry__2/CO[3]
                         net (fo=1, routed)           0.001     1.818    ticker/count0_carry__2_n_0
    SLICE_X36Y50         CARRY4 (Prop_carry4_CI_CO[3])
                                                      0.039     1.857 r  ticker/count0_carry__3/CO[3]
                         net (fo=1, routed)           0.000     1.857    ticker/count0_carry__3_n_0
    SLICE_X36Y51         CARRY4 (Prop_carry4_CI_O[2])
                                                      0.065     1.922 r  ticker/count0_carry__4/O[2]
                         net (fo=1, routed)           0.161     2.083    ticker/data0[23]
    SLICE_X37Y51         LUT2 (Prop_lut2_I1_O)        0.108     2.191 r  ticker/count[23]_i_1/O
                         net (fo=1, routed)           0.000     2.191    ticker/count_0[23]
    SLICE_X37Y51         FDRE                                         r  ticker/count_reg[23]/D
  -------------------------------------------------------------------    -------------------

                         (clock sys_clk_pin rise edge)
                                                      0.000     0.000 r  
    W5                                                0.000     0.000 r  clk (IN)
                         net (fo=0)                   0.000     0.000    clk
    W5                   IBUF (Prop_ibuf_I_O)         0.414     0.414 r  clk_IBUF_inst/O
                         net (fo=1, routed)           0.685     1.099    clk_IBUF
    BUFGCTRL_X0Y0        BUFG (Prop_bufg_I_O)         0.029     1.128 r  clk_IBUF_BUFG_inst/O
                         net (fo=43, routed)          0.830     1.958    ticker/clk_IBUF_BUFG
    SLICE_X37Y51         FDRE                                         r  ticker/count_reg[23]/C
                         clock pessimism             -0.244     1.714    
    SLICE_X37Y51         FDRE (Hold_fdre_C_D)         0.092     1.806    ticker/count_reg[23]
  -------------------------------------------------------------------
                         required time                         -1.806    
                         arrival time                           2.191    
  -------------------------------------------------------------------
                         slack                                  0.385    

Slack (MET) :             0.397ns  (arrival time - required time)
  Source:                 ticker/count_reg[15]/C
                            (rising edge-triggered cell FDRE clocked by sys_clk_pin  {rise@0.000ns fall@5.000ns period=10.000ns})
  Destination:            ticker/count_reg[22]/D
                            (rising edge-triggered cell FDRE clocked by sys_clk_pin  {rise@0.000ns fall@5.000ns period=10.000ns})
  Path Group:             sys_clk_pin
  Path Type:              Hold (Min at Fast Process Corner)
  Requirement:            0.000ns  (sys_clk_pin rise@0.000ns - sys_clk_pin rise@0.000ns)
  Data Path Delay:        0.754ns  (logic 0.538ns (71.315%)  route 0.216ns (28.685%))
  Logic Levels:           4  (CARRY4=3 LUT2=1)
  Clock Path Skew:        0.267ns (DCD - SCD - CPR)
    Destination Clock Delay (DCD):    1.958ns
    Source Clock Delay      (SCD):    1.447ns
    Clock Pessimism Removal (CPR):    0.244ns

    Location             Delay type                Incr(ns)  Path(ns)    Netlist Resource(s)
  -------------------------------------------------------------------    -------------------
                         (clock sys_clk_pin rise edge)
                                                      0.000     0.000 r  
    W5                                                0.000     0.000 r  clk (IN)
                         net (fo=0)                   0.000     0.000    clk
    W5                   IBUF (Prop_ibuf_I_O)         0.226     0.226 r  clk_IBUF_inst/O
                         net (fo=1, routed)           0.631     0.858    clk_IBUF
    BUFGCTRL_X0Y0        BUFG (Prop_bufg_I_O)         0.026     0.884 r  clk_IBUF_BUFG_inst/O
                         net (fo=43, routed)          0.564     1.447    ticker/clk_IBUF_BUFG
    SLICE_X37Y49         FDRE                                         r  ticker/count_reg[15]/C
  -------------------------------------------------------------------    -------------------
    SLICE_X37Y49         FDRE (Prop_fdre_C_Q)         0.141     1.588 r  ticker/count_reg[15]/Q
                         net (fo=2, routed)           0.069     1.657    ticker/count[15]
    SLICE_X36Y49         CARRY4 (Prop_carry4_S[2]_CO[3])
                                                      0.160     1.817 r  ticker/count0_carry__2/CO[3]
                         net (fo=1, routed)           0.001     1.818    ticker/count0_carry__2_n_0
    SLICE_X36Y50         CARRY4 (Prop_carry4_CI_CO[3])
                                                      0.039     1.857 r  ticker/count0_carry__3/CO[3]
                         net (fo=1, routed)           0.000     1.857    ticker/count0_carry__3_n_0
    SLICE_X36Y51         CARRY4 (Prop_carry4_CI_O[1])
                                                      0.091     1.948 r  ticker/count0_carry__4/O[1]
                         net (fo=1, routed)           0.146     2.095    ticker/data0[22]
    SLICE_X37Y51         LUT2 (Prop_lut2_I1_O)        0.107     2.202 r  ticker/count[22]_i_1/O
                         net (fo=1, routed)           0.000     2.202    ticker/count_0[22]
    SLICE_X37Y51         FDRE                                         r  ticker/count_reg[22]/D
  -------------------------------------------------------------------    -------------------

                         (clock sys_clk_pin rise edge)
                                                      0.000     0.000 r  
    W5                                                0.000     0.000 r  clk (IN)
                         net (fo=0)                   0.000     0.000    clk
    W5                   IBUF (Prop_ibuf_I_O)         0.414     0.414 r  clk_IBUF_inst/O
                         net (fo=1, routed)           0.685     1.099    clk_IBUF
    BUFGCTRL_X0Y0        BUFG (Prop_bufg_I_O)         0.029     1.128 r  clk_IBUF_BUFG_inst/O
                         net (fo=43, routed)          0.830     1.958    ticker/clk_IBUF_BUFG
    SLICE_X37Y51         FDRE                                         r  ticker/count_reg[22]/C
                         clock pessimism             -0.244     1.714    
    SLICE_X37Y51         FDRE (Hold_fdre_C_D)         0.091     1.805    ticker/count_reg[22]
  -------------------------------------------------------------------
                         required time                         -1.805    
                         arrival time                           2.202    
  -------------------------------------------------------------------
                         slack                                  0.397    

Slack (MET) :             0.420ns  (arrival time - required time)
  Source:                 ticker/count_reg[15]/C
                            (rising edge-triggered cell FDRE clocked by sys_clk_pin  {rise@0.000ns fall@5.000ns period=10.000ns})
  Destination:            ticker/count_reg[20]/D
                            (rising edge-triggered cell FDRE clocked by sys_clk_pin  {rise@0.000ns fall@5.000ns period=10.000ns})
  Path Group:             sys_clk_pin
  Path Type:              Hold (Min at Fast Process Corner)
  Requirement:            0.000ns  (sys_clk_pin rise@0.000ns - sys_clk_pin rise@0.000ns)
  Data Path Delay:        0.794ns  (logic 0.499ns (62.870%)  route 0.295ns (37.130%))
  Logic Levels:           3  (CARRY4=2 LUT2=1)
  Clock Path Skew:        0.267ns (DCD - SCD - CPR)
    Destination Clock Delay (DCD):    1.958ns
    Source Clock Delay      (SCD):    1.447ns
    Clock Pessimism Removal (CPR):    0.244ns

    Location             Delay type                Incr(ns)  Path(ns)    Netlist Resource(s)
  -------------------------------------------------------------------    -------------------
                         (clock sys_clk_pin rise edge)
                                                      0.000     0.000 r  
    W5                                                0.000     0.000 r  clk (IN)
                         net (fo=0)                   0.000     0.000    clk
    W5                   IBUF (Prop_ibuf_I_O)         0.226     0.226 r  clk_IBUF_inst/O
                         net (fo=1, routed)           0.631     0.858    clk_IBUF
    BUFGCTRL_X0Y0        BUFG (Prop_bufg_I_O)         0.026     0.884 r  clk_IBUF_BUFG_inst/O
                         net (fo=43, routed)          0.564     1.447    ticker/clk_IBUF_BUFG
    SLICE_X37Y49         FDRE                                         r  ticker/count_reg[15]/C
  -------------------------------------------------------------------    -------------------
    SLICE_X37Y49         FDRE (Prop_fdre_C_Q)         0.141     1.588 r  ticker/count_reg[15]/Q
                         net (fo=2, routed)           0.069     1.657    ticker/count[15]
    SLICE_X36Y49         CARRY4 (Prop_carry4_S[2]_CO[3])
                                                      0.160     1.817 r  ticker/count0_carry__2/CO[3]
                         net (fo=1, routed)           0.001     1.818    ticker/count0_carry__2_n_0
    SLICE_X36Y50         CARRY4 (Prop_carry4_CI_O[3])
                                                      0.090     1.908 r  ticker/count0_carry__3/O[3]
                         net (fo=1, routed)           0.225     2.133    ticker/data0[20]
    SLICE_X37Y50         LUT2 (Prop_lut2_I1_O)        0.108     2.241 r  ticker/count[20]_i_1/O
                         net (fo=1, routed)           0.000     2.241    ticker/count_0[20]
    SLICE_X37Y50         FDRE                                         r  ticker/count_reg[20]/D
  -------------------------------------------------------------------    -------------------

                         (clock sys_clk_pin rise edge)
                                                      0.000     0.000 r  
    W5                                                0.000     0.000 r  clk (IN)
                         net (fo=0)                   0.000     0.000    clk
    W5                   IBUF (Prop_ibuf_I_O)         0.414     0.414 r  clk_IBUF_inst/O
                         net (fo=1, routed)           0.685     1.099    clk_IBUF
    BUFGCTRL_X0Y0        BUFG (Prop_bufg_I_O)         0.029     1.128 r  clk_IBUF_BUFG_inst/O
                         net (fo=43, routed)          0.830     1.958    ticker/clk_IBUF_BUFG
    SLICE_X37Y50         FDRE                                         r  ticker/count_reg[20]/C
                         clock pessimism             -0.244     1.714    
    SLICE_X37Y50         FDRE (Hold_fdre_C_D)         0.107     1.821    ticker/count_reg[20]
  -------------------------------------------------------------------
                         required time                         -1.821    
                         arrival time                           2.241    
  -------------------------------------------------------------------
                         slack                                  0.420    

Slack (MET) :             0.451ns  (arrival time - required time)
  Source:                 ticker/count_reg[22]/C
                            (rising edge-triggered cell FDRE clocked by sys_clk_pin  {rise@0.000ns fall@5.000ns period=10.000ns})
  Destination:            ticker/count_reg[13]/D
                            (rising edge-triggered cell FDRE clocked by sys_clk_pin  {rise@0.000ns fall@5.000ns period=10.000ns})
  Path Group:             sys_clk_pin
  Path Type:              Hold (Min at Fast Process Corner)
  Requirement:            0.000ns  (sys_clk_pin rise@0.000ns - sys_clk_pin rise@0.000ns)
  Data Path Delay:        0.829ns  (logic 0.279ns (33.643%)  route 0.550ns (66.357%))
  Logic Levels:           3  (LUT2=1 LUT6=2)
  Clock Path Skew:        0.271ns (DCD - SCD - CPR)
    Destination Clock Delay (DCD):    1.960ns
    Source Clock Delay      (SCD):    1.445ns
    Clock Pessimism Removal (CPR):    0.244ns

    Location             Delay type                Incr(ns)  Path(ns)    Netlist Resource(s)
  -------------------------------------------------------------------    -------------------
                         (clock sys_clk_pin rise edge)
                                                      0.000     0.000 r  
    W5                                                0.000     0.000 r  clk (IN)
                         net (fo=0)                   0.000     0.000    clk
    W5                   IBUF (Prop_ibuf_I_O)         0.226     0.226 r  clk_IBUF_inst/O
                         net (fo=1, routed)           0.631     0.858    clk_IBUF
    BUFGCTRL_X0Y0        BUFG (Prop_bufg_I_O)         0.026     0.884 r  clk_IBUF_BUFG_inst/O
                         net (fo=43, routed)          0.562     1.445    ticker/clk_IBUF_BUFG
    SLICE_X37Y51         FDRE                                         r  ticker/count_reg[22]/C
  -------------------------------------------------------------------    -------------------
    SLICE_X37Y51         FDRE (Prop_fdre_C_Q)         0.141     1.586 f  ticker/count_reg[22]/Q
                         net (fo=2, routed)           0.121     1.707    ticker/count[22]
    SLICE_X37Y51         LUT6 (Prop_lut6_I2_O)        0.045     1.752 r  ticker/count[25]_i_8/O
                         net (fo=1, routed)           0.199     1.951    ticker/count[25]_i_8_n_0
    SLICE_X37Y48         LUT6 (Prop_lut6_I5_O)        0.045     1.996 r  ticker/count[25]_i_2/O
                         net (fo=26, routed)          0.231     2.227    ticker/count[25]_i_2_n_0
    SLICE_X37Y48         LUT2 (Prop_lut2_I0_O)        0.048     2.275 r  ticker/count[13]_i_1/O
                         net (fo=1, routed)           0.000     2.275    ticker/count_0[13]
    SLICE_X37Y48         FDRE                                         r  ticker/count_reg[13]/D
  -------------------------------------------------------------------    -------------------

                         (clock sys_clk_pin rise edge)
                                                      0.000     0.000 r  
    W5                                                0.000     0.000 r  clk (IN)
                         net (fo=0)                   0.000     0.000    clk
    W5                   IBUF (Prop_ibuf_I_O)         0.414     0.414 r  clk_IBUF_inst/O
                         net (fo=1, routed)           0.685     1.099    clk_IBUF
    BUFGCTRL_X0Y0        BUFG (Prop_bufg_I_O)         0.029     1.128 r  clk_IBUF_BUFG_inst/O
                         net (fo=43, routed)          0.833     1.960    ticker/clk_IBUF_BUFG
    SLICE_X37Y48         FDRE                                         r  ticker/count_reg[13]/C
                         clock pessimism             -0.244     1.716    
    SLICE_X37Y48         FDRE (Hold_fdre_C_D)         0.107     1.823    ticker/count_reg[13]
  -------------------------------------------------------------------
                         required time                         -1.823    
                         arrival time                           2.275    
  -------------------------------------------------------------------
                         slack                                  0.451    

Slack (MET) :             0.453ns  (arrival time - required time)
  Source:                 ticker/count_reg[22]/C
                            (rising edge-triggered cell FDRE clocked by sys_clk_pin  {rise@0.000ns fall@5.000ns period=10.000ns})
  Destination:            ticker/count_reg[12]/D
                            (rising edge-triggered cell FDRE clocked by sys_clk_pin  {rise@0.000ns fall@5.000ns period=10.000ns})
  Path Group:             sys_clk_pin
  Path Type:              Hold (Min at Fast Process Corner)
  Requirement:            0.000ns  (sys_clk_pin rise@0.000ns - sys_clk_pin rise@0.000ns)
  Data Path Delay:        0.831ns  (logic 0.280ns (33.682%)  route 0.551ns (66.318%))
  Logic Levels:           3  (LUT2=1 LUT6=2)
  Clock Path Skew:        0.271ns (DCD - SCD - CPR)
    Destination Clock Delay (DCD):    1.960ns
    Source Clock Delay      (SCD):    1.445ns
    Clock Pessimism Removal (CPR):    0.244ns

    Location             Delay type                Incr(ns)  Path(ns)    Netlist Resource(s)
  -------------------------------------------------------------------    -------------------
                         (clock sys_clk_pin rise edge)
                                                      0.000     0.000 r  
    W5                                                0.000     0.000 r  clk (IN)
                         net (fo=0)                   0.000     0.000    clk
    W5                   IBUF (Prop_ibuf_I_O)         0.226     0.226 r  clk_IBUF_inst/O
                         net (fo=1, routed)           0.631     0.858    clk_IBUF
    BUFGCTRL_X0Y0        BUFG (Prop_bufg_I_O)         0.026     0.884 r  clk_IBUF_BUFG_inst/O
                         net (fo=43, routed)          0.562     1.445    ticker/clk_IBUF_BUFG
    SLICE_X37Y51         FDRE                                         r  ticker/count_reg[22]/C
  -------------------------------------------------------------------    -------------------
    SLICE_X37Y51         FDRE (Prop_fdre_C_Q)         0.141     1.586 f  ticker/count_reg[22]/Q
                         net (fo=2, routed)           0.121     1.707    ticker/count[22]
    SLICE_X37Y51         LUT6 (Prop_lut6_I2_O)        0.045     1.752 r  ticker/count[25]_i_8/O
                         net (fo=1, routed)           0.199     1.951    ticker/count[25]_i_8_n_0
    SLICE_X37Y48         LUT6 (Prop_lut6_I5_O)        0.045     1.996 r  ticker/count[25]_i_2/O
                         net (fo=26, routed)          0.232     2.228    ticker/count[25]_i_2_n_0
    SLICE_X37Y48         LUT2 (Prop_lut2_I0_O)        0.049     2.277 r  ticker/count[12]_i_1/O
                         net (fo=1, routed)           0.000     2.277    ticker/count_0[12]
    SLICE_X37Y48         FDRE                                         r  ticker/count_reg[12]/D
  -------------------------------------------------------------------    -------------------

                         (clock sys_clk_pin rise edge)
                                                      0.000     0.000 r  
    W5                                                0.000     0.000 r  clk (IN)
                         net (fo=0)                   0.000     0.000    clk
    W5                   IBUF (Prop_ibuf_I_O)         0.414     0.414 r  clk_IBUF_inst/O
                         net (fo=1, routed)           0.685     1.099    clk_IBUF
    BUFGCTRL_X0Y0        BUFG (Prop_bufg_I_O)         0.029     1.128 r  clk_IBUF_BUFG_inst/O
                         net (fo=43, routed)          0.833     1.960    ticker/clk_IBUF_BUFG
    SLICE_X37Y48         FDRE                                         r  ticker/count_reg[12]/C
                         clock pessimism             -0.244     1.716    
    SLICE_X37Y48         FDRE (Hold_fdre_C_D)         0.107     1.823    ticker/count_reg[12]
  -------------------------------------------------------------------
                         required time                         -1.823    
                         arrival time                           2.277    
  -------------------------------------------------------------------
                         slack                                  0.453    

Slack (MET) :             0.459ns  (arrival time - required time)
  Source:                 ticker/count_reg[15]/C
                            (rising edge-triggered cell FDRE clocked by sys_clk_pin  {rise@0.000ns fall@5.000ns period=10.000ns})
  Destination:            ticker/count_reg[24]/D
                            (rising edge-triggered cell FDRE clocked by sys_clk_pin  {rise@0.000ns fall@5.000ns period=10.000ns})
  Path Group:             sys_clk_pin
  Path Type:              Hold (Min at Fast Process Corner)
  Requirement:            0.000ns  (sys_clk_pin rise@0.000ns - sys_clk_pin rise@0.000ns)
  Data Path Delay:        0.833ns  (logic 0.538ns (64.609%)  route 0.295ns (35.391%))
  Logic Levels:           4  (CARRY4=3 LUT2=1)
  Clock Path Skew:        0.267ns (DCD - SCD - CPR)
    Destination Clock Delay (DCD):    1.958ns
    Source Clock Delay      (SCD):    1.447ns
    Clock Pessimism Removal (CPR):    0.244ns

    Location             Delay type                Incr(ns)  Path(ns)    Netlist Resource(s)
  -------------------------------------------------------------------    -------------------
                         (clock sys_clk_pin rise edge)
                                                      0.000     0.000 r  
    W5                                                0.000     0.000 r  clk (IN)
                         net (fo=0)                   0.000     0.000    clk
    W5                   IBUF (Prop_ibuf_I_O)         0.226     0.226 r  clk_IBUF_inst/O
                         net (fo=1, routed)           0.631     0.858    clk_IBUF
    BUFGCTRL_X0Y0        BUFG (Prop_bufg_I_O)         0.026     0.884 r  clk_IBUF_BUFG_inst/O
                         net (fo=43, routed)          0.564     1.447    ticker/clk_IBUF_BUFG
    SLICE_X37Y49         FDRE                                         r  ticker/count_reg[15]/C
  -------------------------------------------------------------------    -------------------
    SLICE_X37Y49         FDRE (Prop_fdre_C_Q)         0.141     1.588 r  ticker/count_reg[15]/Q
                         net (fo=2, routed)           0.069     1.657    ticker/count[15]
    SLICE_X36Y49         CARRY4 (Prop_carry4_S[2]_CO[3])
                                                      0.160     1.817 r  ticker/count0_carry__2/CO[3]
                         net (fo=1, routed)           0.001     1.818    ticker/count0_carry__2_n_0
    SLICE_X36Y50         CARRY4 (Prop_carry4_CI_CO[3])
                                                      0.039     1.857 r  ticker/count0_carry__3/CO[3]
                         net (fo=1, routed)           0.000     1.857    ticker/count0_carry__3_n_0
    SLICE_X36Y51         CARRY4 (Prop_carry4_CI_O[3])
                                                      0.090     1.947 r  ticker/count0_carry__4/O[3]
                         net (fo=1, routed)           0.225     2.172    ticker/data0[24]
    SLICE_X37Y51         LUT2 (Prop_lut2_I1_O)        0.108     2.280 r  ticker/count[24]_i_1/O
                         net (fo=1, routed)           0.000     2.280    ticker/count_0[24]
    SLICE_X37Y51         FDRE                                         r  ticker/count_reg[24]/D
  -------------------------------------------------------------------    -------------------

                         (clock sys_clk_pin rise edge)
                                                      0.000     0.000 r  
    W5                                                0.000     0.000 r  clk (IN)
                         net (fo=0)                   0.000     0.000    clk
    W5                   IBUF (Prop_ibuf_I_O)         0.414     0.414 r  clk_IBUF_inst/O
                         net (fo=1, routed)           0.685     1.099    clk_IBUF
    BUFGCTRL_X0Y0        BUFG (Prop_bufg_I_O)         0.029     1.128 r  clk_IBUF_BUFG_inst/O
                         net (fo=43, routed)          0.830     1.958    ticker/clk_IBUF_BUFG
    SLICE_X37Y51         FDRE                                         r  ticker/count_reg[24]/C
                         clock pessimism             -0.244     1.714    
    SLICE_X37Y51         FDRE (Hold_fdre_C_D)         0.107     1.821    ticker/count_reg[24]
  -------------------------------------------------------------------
                         required time                         -1.821    
                         arrival time                           2.280    
  -------------------------------------------------------------------
                         slack                                  0.459    

Slack (MET) :             0.464ns  (arrival time - required time)
  Source:                 ticker/count_reg[22]/C
                            (rising edge-triggered cell FDRE clocked by sys_clk_pin  {rise@0.000ns fall@5.000ns period=10.000ns})
  Destination:            ticker/count_reg[10]/D
                            (rising edge-triggered cell FDRE clocked by sys_clk_pin  {rise@0.000ns fall@5.000ns period=10.000ns})
  Path Group:             sys_clk_pin
  Path Type:              Hold (Min at Fast Process Corner)
  Requirement:            0.000ns  (sys_clk_pin rise@0.000ns - sys_clk_pin rise@0.000ns)
  Data Path Delay:        0.826ns  (logic 0.276ns (33.402%)  route 0.550ns (66.598%))
  Logic Levels:           3  (LUT2=1 LUT6=2)
  Clock Path Skew:        0.271ns (DCD - SCD - CPR)
    Destination Clock Delay (DCD):    1.960ns
    Source Clock Delay      (SCD):    1.445ns
    Clock Pessimism Removal (CPR):    0.244ns

    Location             Delay type                Incr(ns)  Path(ns)    Netlist Resource(s)
  -------------------------------------------------------------------    -------------------
                         (clock sys_clk_pin rise edge)
                                                      0.000     0.000 r  
    W5                                                0.000     0.000 r  clk (IN)
                         net (fo=0)                   0.000     0.000    clk
    W5                   IBUF (Prop_ibuf_I_O)         0.226     0.226 r  clk_IBUF_inst/O
                         net (fo=1, routed)           0.631     0.858    clk_IBUF
    BUFGCTRL_X0Y0        BUFG (Prop_bufg_I_O)         0.026     0.884 r  clk_IBUF_BUFG_inst/O
                         net (fo=43, routed)          0.562     1.445    ticker/clk_IBUF_BUFG
    SLICE_X37Y51         FDRE                                         r  ticker/count_reg[22]/C
  -------------------------------------------------------------------    -------------------
    SLICE_X37Y51         FDRE (Prop_fdre_C_Q)         0.141     1.586 f  ticker/count_reg[22]/Q
                         net (fo=2, routed)           0.121     1.707    ticker/count[22]
    SLICE_X37Y51         LUT6 (Prop_lut6_I2_O)        0.045     1.752 r  ticker/count[25]_i_8/O
                         net (fo=1, routed)           0.199     1.951    ticker/count[25]_i_8_n_0
    SLICE_X37Y48         LUT6 (Prop_lut6_I5_O)        0.045     1.996 r  ticker/count[25]_i_2/O
                         net (fo=26, routed)          0.231     2.227    ticker/count[25]_i_2_n_0
    SLICE_X37Y48         LUT2 (Prop_lut2_I0_O)        0.045     2.272 r  ticker/count[10]_i_1/O
                         net (fo=1, routed)           0.000     2.272    ticker/count_0[10]
    SLICE_X37Y48         FDRE                                         r  ticker/count_reg[10]/D
  -------------------------------------------------------------------    -------------------

                         (clock sys_clk_pin rise edge)
                                                      0.000     0.000 r  
    W5                                                0.000     0.000 r  clk (IN)
                         net (fo=0)                   0.000     0.000    clk
    W5                   IBUF (Prop_ibuf_I_O)         0.414     0.414 r  clk_IBUF_inst/O
                         net (fo=1, routed)           0.685     1.099    clk_IBUF
    BUFGCTRL_X0Y0        BUFG (Prop_bufg_I_O)         0.029     1.128 r  clk_IBUF_BUFG_inst/O
                         net (fo=43, routed)          0.833     1.960    ticker/clk_IBUF_BUFG
    SLICE_X37Y48         FDRE                                         r  ticker/count_reg[10]/C
                         clock pessimism             -0.244     1.716    
    SLICE_X37Y48         FDRE (Hold_fdre_C_D)         0.091     1.807    ticker/count_reg[10]
  -------------------------------------------------------------------
                         required time                         -1.807    
                         arrival time                           2.272    
  -------------------------------------------------------------------
                         slack                                  0.464    





Pulse Width Checks
--------------------------------------------------------------------------------------
Clock Name:         sys_clk_pin
Waveform(ns):       { 0.000 5.000 }
Period(ns):         10.000
Sources:            { clk }

Check Type        Corner  Lib Pin  Reference Pin  Required(ns)  Actual(ns)  Slack(ns)  Location       Pin
Min Period        n/a     BUFG/I   n/a            2.155         10.000      7.845      BUFGCTRL_X0Y0  clk_IBUF_BUFG_inst/I
Min Period        n/a     FDRE/C   n/a            1.000         10.000      9.000      SLICE_X13Y33   led_writer/leds_reg[0]/C
Min Period        n/a     FDRE/C   n/a            1.000         10.000      9.000      SLICE_X15Y37   led_writer/leds_reg[10]/C
Min Period        n/a     FDRE/C   n/a            1.000         10.000      9.000      SLICE_X15Y36   led_writer/leds_reg[11]/C
Min Period        n/a     FDRE/C   n/a            1.000         10.000      9.000      SLICE_X14Y42   led_writer/leds_reg[12]/C
Min Period        n/a     FDRE/C   n/a            1.000         10.000      9.000      SLICE_X14Y40   led_writer/leds_reg[13]/C
Min Period        n/a     FDRE/C   n/a            1.000         10.000      9.000      SLICE_X15Y39   led_writer/leds_reg[14]/C
Min Period        n/a     FDRE/C   n/a            1.000         10.000      9.000      SLICE_X15Y39   led_writer/leds_reg[15]/C
Min Period        n/a     FDRE/C   n/a            1.000         10.000      9.000      SLICE_X13Y42   led_writer/leds_reg[1]/C
Min Period        n/a     FDRE/C   n/a            1.000         10.000      9.000      SLICE_X13Y33   led_writer/leds_reg[2]/C
Low Pulse Width   Slow    FDRE/C   n/a            0.500         5.000       4.500      SLICE_X15Y37   led_writer/leds_reg[10]/C
Low Pulse Width   Slow    FDRE/C   n/a            0.500         5.000       4.500      SLICE_X15Y36   led_writer/leds_reg[11]/C
Low Pulse Width   Slow    FDRE/C   n/a            0.500         5.000       4.500      SLICE_X13Y35   led_writer/leds_reg[6]/C
Low Pulse Width   Slow    FDRE/C   n/a            0.500         5.000       4.500      SLICE_X13Y35   led_writer/leds_reg[8]/C
Low Pulse Width   Slow    FDRE/C   n/a            0.500         5.000       4.500      SLICE_X13Y37   led_writer/leds_reg[9]/C
Low Pulse Width   Slow    FDRE/C   n/a            0.500         5.000       4.500      SLICE_X37Y46   ticker/clk_out_reg/C
Low Pulse Width   Slow    FDRE/C   n/a            0.500         5.000       4.500      SLICE_X37Y49   ticker/count_reg[14]/C
Low Pulse Width   Slow    FDRE/C   n/a            0.500         5.000       4.500      SLICE_X37Y49   ticker/count_reg[15]/C
Low Pulse Width   Slow    FDRE/C   n/a            0.500         5.000       4.500      SLICE_X37Y49   ticker/count_reg[16]/C
Low Pulse Width   Slow    FDRE/C   n/a            0.500         5.000       4.500      SLICE_X37Y49   ticker/count_reg[17]/C
High Pulse Width  Fast    FDRE/C   n/a            0.500         5.000       4.500      SLICE_X13Y33   led_writer/leds_reg[0]/C
High Pulse Width  Slow    FDRE/C   n/a            0.500         5.000       4.500      SLICE_X14Y42   led_writer/leds_reg[12]/C
High Pulse Width  Slow    FDRE/C   n/a            0.500         5.000       4.500      SLICE_X13Y42   led_writer/leds_reg[1]/C
High Pulse Width  Fast    FDRE/C   n/a            0.500         5.000       4.500      SLICE_X13Y33   led_writer/leds_reg[2]/C
High Pulse Width  Fast    FDRE/C   n/a            0.500         5.000       4.500      SLICE_X12Y33   led_writer/leds_reg[3]/C
High Pulse Width  Fast    FDRE/C   n/a            0.500         5.000       4.500      SLICE_X12Y33   led_writer/leds_reg[4]/C
High Pulse Width  Fast    FDRE/C   n/a            0.500         5.000       4.500      SLICE_X12Y33   led_writer/leds_reg[5]/C
High Pulse Width  Fast    FDRE/C   n/a            0.500         5.000       4.500      SLICE_X12Y33   led_writer/leds_reg[7]/C
High Pulse Width  Slow    FDRE/C   n/a            0.500         5.000       4.500      SLICE_X37Y50   ticker/count_reg[18]/C
High Pulse Width  Slow    FDRE/C   n/a            0.500         5.000       4.500      SLICE_X37Y50   ticker/count_reg[19]/C



